               epoch,      train/box_loss,      train/obj_loss,      train/cls_loss,   metrics/precision,      metrics/recall,     metrics/mAP_0.5,metrics/mAP_0.5:0.95,        val/box_loss,        val/obj_loss,        val/cls_loss,               x/lr0,               x/lr1,               x/lr2
                   0,            0.096789,            0.023581,                   0,            0.097937,             0.45506,                 0.1,            0.024418,            0.071907,            0.013794,                   0,              0.0016,              0.0016,              0.0856
                   1,            0.069448,            0.023526,                   0,             0.19534,             0.48034,             0.20076,             0.06779,            0.060272,            0.011134,                   0,           0.0032891,           0.0032891,            0.070289
                   2,            0.060528,            0.021426,                   0,             0.20772,             0.42416,             0.19098,              0.0507,            0.076188,            0.010145,                   0,            0.004967,            0.004967,            0.054967
                   3,            0.054294,            0.019703,                   0,              0.2278,             0.55618,             0.23849,            0.083709,            0.059202,           0.0076342,                   0,           0.0066337,           0.0066337,            0.039634
                   4,            0.051677,            0.019144,                   0,             0.29264,             0.50562,             0.27959,             0.10655,            0.055387,           0.0066852,                   0,           0.0082891,           0.0082891,            0.024289
                   5,            0.049095,            0.018493,                   0,             0.35003,             0.57584,             0.33943,             0.16106,            0.054719,           0.0078715,                   0,            0.009835,            0.009835,            0.009835
                   6,            0.046671,            0.018241,                   0,             0.29149,             0.70506,             0.29336,             0.12247,            0.051504,            0.007389,                   0,            0.009835,            0.009835,            0.009835
                   7,            0.043471,            0.017327,                   0,             0.39242,              0.6882,             0.43174,             0.21135,            0.043462,           0.0062115,                   0,            0.009802,            0.009802,            0.009802
                   8,            0.040229,              0.0175,                   0,             0.43624,             0.61297,             0.51665,             0.27497,            0.041098,           0.0061145,                   0,            0.009769,            0.009769,            0.009769
                   9,            0.041273,            0.016496,                   0,             0.52602,             0.56742,             0.53131,             0.25535,            0.041407,           0.0061263,                   0,            0.009736,            0.009736,            0.009736
                  10,            0.040053,            0.017104,                   0,             0.46143,             0.64326,             0.53658,             0.27196,            0.040415,           0.0061599,                   0,            0.009703,            0.009703,            0.009703
                  11,            0.038191,            0.017034,                   0,             0.50145,              0.6131,              0.5311,             0.27428,            0.039763,           0.0062535,                   0,             0.00967,             0.00967,             0.00967
                  12,            0.037123,            0.016451,                   0,             0.43438,             0.65795,             0.49338,              0.2966,            0.040991,           0.0058193,                   0,            0.009637,            0.009637,            0.009637
                  13,            0.037328,            0.016134,                   0,             0.48862,             0.68258,              0.5448,             0.32895,            0.040239,           0.0056772,                   0,            0.009604,            0.009604,            0.009604
                  14,            0.036833,            0.016207,                   0,             0.50301,             0.67378,             0.58368,             0.35636,            0.040919,            0.005672,                   0,            0.009571,            0.009571,            0.009571
                  15,            0.036595,            0.016439,                   0,             0.47485,             0.49157,             0.48217,             0.28021,            0.047092,            0.006565,                   0,            0.009538,            0.009538,            0.009538
                  16,            0.036488,            0.015954,                   0,             0.49889,             0.63761,             0.56831,             0.38368,            0.037381,            0.005656,                   0,            0.009505,            0.009505,            0.009505
                  17,            0.036508,            0.015958,                   0,             0.49686,             0.55899,             0.53967,             0.32712,            0.041172,            0.005989,                   0,            0.009472,            0.009472,            0.009472
                  18,            0.035287,            0.014982,                   0,             0.55216,             0.62921,             0.60184,             0.36931,            0.035976,           0.0057668,                   0,            0.009439,            0.009439,            0.009439
                  19,             0.03501,             0.01541,                   0,              0.5826,             0.66292,             0.62364,             0.40771,            0.033557,           0.0054989,                   0,            0.009406,            0.009406,            0.009406
                  20,            0.034133,            0.015287,                   0,             0.58691,             0.67416,             0.64281,             0.42443,            0.034433,           0.0052264,                   0,            0.009373,            0.009373,            0.009373
                  21,            0.034687,            0.016016,                   0,             0.59601,             0.60919,             0.61517,             0.39557,            0.037802,           0.0053753,                   0,             0.00934,             0.00934,             0.00934
                  22,            0.033193,            0.014916,                   0,             0.54197,             0.69801,             0.61372,             0.42348,            0.034902,           0.0053951,                   0,            0.009307,            0.009307,            0.009307
                  23,            0.033435,            0.014603,                   0,             0.51077,             0.65449,             0.52117,             0.32785,             0.03555,           0.0052632,                   0,            0.009274,            0.009274,            0.009274
                  24,            0.032679,            0.015094,                   0,             0.58585,             0.60398,             0.60087,             0.41483,            0.036638,           0.0055021,                   0,            0.009241,            0.009241,            0.009241
                  25,            0.031449,            0.014975,                   0,             0.53011,             0.60845,             0.52193,             0.32552,            0.039867,           0.0055199,                   0,            0.009208,            0.009208,            0.009208
                  26,            0.031675,            0.014033,                   0,             0.62971,              0.6236,             0.66579,               0.473,            0.032652,           0.0049762,                   0,            0.009175,            0.009175,            0.009175
                  27,            0.031198,             0.01399,                   0,             0.51704,             0.66573,             0.62863,             0.42325,            0.032204,           0.0050585,                   0,            0.009142,            0.009142,            0.009142
                  28,            0.030603,            0.014042,                   0,             0.67494,             0.69663,             0.73231,             0.50519,            0.032699,           0.0048278,                   0,            0.009109,            0.009109,            0.009109
                  29,             0.03091,             0.01434,                   0,             0.61032,             0.77247,             0.74977,             0.51218,            0.031998,           0.0047774,                   0,            0.009076,            0.009076,            0.009076
                  30,            0.031454,            0.014103,                   0,             0.64746,             0.64888,             0.70572,             0.49959,             0.03308,           0.0049301,                   0,            0.009043,            0.009043,            0.009043
                  31,            0.031059,            0.013571,                   0,             0.55569,              0.7202,             0.68116,             0.46317,            0.032527,           0.0051377,                   0,             0.00901,             0.00901,             0.00901
                  32,            0.031105,            0.013513,                   0,             0.55993,             0.70051,             0.64304,             0.43862,            0.032286,           0.0055967,                   0,            0.008977,            0.008977,            0.008977
                  33,            0.030364,            0.013623,                   0,             0.60048,              0.7191,             0.67394,             0.47095,            0.032785,           0.0053091,                   0,            0.008944,            0.008944,            0.008944
                  34,            0.029971,            0.013945,                   0,             0.72276,             0.71629,              0.7747,             0.52237,            0.034499,           0.0047275,                   0,            0.008911,            0.008911,            0.008911
                  35,            0.029688,            0.013336,                   0,             0.71773,             0.67135,             0.73565,             0.51425,            0.031042,           0.0046761,                   0,            0.008878,            0.008878,            0.008878
                  36,             0.02948,            0.013496,                   0,              0.6329,             0.74157,             0.70513,             0.51825,            0.032907,           0.0048283,                   0,            0.008845,            0.008845,            0.008845
                  37,            0.029157,            0.012727,                   0,             0.70681,              0.7191,             0.75684,             0.54221,            0.029056,           0.0046034,                   0,            0.008812,            0.008812,            0.008812
                  38,            0.028985,            0.012832,                   0,             0.67388,             0.69663,             0.72931,             0.53349,             0.03309,           0.0050174,                   0,            0.008779,            0.008779,            0.008779
                  39,            0.029154,            0.012638,                   0,             0.70052,             0.71629,             0.76824,             0.55605,            0.031768,           0.0045787,                   0,            0.008746,            0.008746,            0.008746
                  40,            0.028723,            0.012676,                   0,             0.71744,             0.74175,             0.80172,             0.59616,            0.028026,            0.004387,                   0,            0.008713,            0.008713,            0.008713
                  41,             0.02869,            0.012734,                   0,             0.74674,             0.74438,             0.79811,             0.57166,            0.032075,           0.0044342,                   0,             0.00868,             0.00868,             0.00868
                  42,            0.027777,            0.012363,                   0,             0.70811,              0.7809,             0.80136,             0.59134,            0.032348,             0.00455,                   0,            0.008647,            0.008647,            0.008647
                  43,            0.027622,            0.012284,                   0,             0.65465,             0.75613,              0.7437,             0.55021,             0.03207,           0.0050432,                   0,            0.008614,            0.008614,            0.008614
                  44,            0.027679,             0.01264,                   0,             0.66113,             0.70697,             0.71205,             0.51008,            0.032557,           0.0049084,                   0,            0.008581,            0.008581,            0.008581
                  45,            0.027306,            0.012387,                   0,             0.69572,             0.74719,             0.79168,             0.57647,            0.030113,           0.0046196,                   0,            0.008548,            0.008548,            0.008548
                  46,            0.027668,             0.01225,                   0,             0.74843,             0.78933,             0.85186,              0.6138,            0.029368,           0.0040513,                   0,            0.008515,            0.008515,            0.008515
                  47,             0.02735,            0.012364,                   0,              0.6878,             0.71167,             0.72054,             0.52038,            0.032733,            0.004418,                   0,            0.008482,            0.008482,            0.008482
                  48,            0.026982,            0.012142,                   0,              0.8375,             0.72384,             0.81873,             0.60074,            0.028072,           0.0042676,                   0,            0.008449,            0.008449,            0.008449
                  49,            0.027726,            0.011685,                   0,             0.75198,             0.77809,             0.82963,             0.63182,            0.031562,           0.0042521,                   0,            0.008416,            0.008416,            0.008416
                  50,            0.026431,            0.011686,                   0,             0.74823,              0.7191,             0.78864,             0.58651,            0.036789,           0.0044345,                   0,            0.008383,            0.008383,            0.008383
                  51,             0.02644,            0.011454,                   0,               0.745,             0.77143,             0.82774,              0.6285,             0.02897,           0.0042186,                   0,             0.00835,             0.00835,             0.00835
                  52,            0.026403,            0.011501,                   0,             0.77728,             0.77809,             0.81898,             0.61501,             0.03147,           0.0043564,                   0,            0.008317,            0.008317,            0.008317
                  53,            0.026445,            0.011875,                   0,             0.73733,             0.75562,             0.77022,             0.57628,            0.031968,           0.0046046,                   0,            0.008284,            0.008284,            0.008284
                  54,            0.025176,            0.011355,                   0,             0.76521,              0.7873,             0.84276,             0.63762,            0.033254,            0.004122,                   0,            0.008251,            0.008251,            0.008251
                  55,            0.025377,            0.011129,                   0,             0.83232,             0.74438,             0.84622,             0.65433,            0.029658,           0.0041189,                   0,            0.008218,            0.008218,            0.008218
                  56,             0.02486,            0.011418,                   0,             0.74583,             0.76966,             0.82462,             0.63071,             0.03185,           0.0040856,                   0,            0.008185,            0.008185,            0.008185
                  57,            0.025559,            0.011372,                   0,             0.76939,             0.81461,             0.84186,             0.64236,             0.02632,           0.0039799,                   0,            0.008152,            0.008152,            0.008152
                  58,            0.025506,            0.011134,                   0,             0.75025,             0.80163,             0.84267,             0.64185,            0.026721,           0.0040971,                   0,            0.008119,            0.008119,            0.008119
                  59,            0.025687,            0.011354,                   0,             0.78854,             0.81742,             0.87058,             0.65295,            0.028828,           0.0040544,                   0,            0.008086,            0.008086,            0.008086
                  60,            0.025355,            0.011088,                   0,             0.75129,             0.80608,             0.83042,             0.64684,            0.023779,           0.0039291,                   0,            0.008053,            0.008053,            0.008053
                  61,             0.02548,            0.011491,                   0,             0.81517,             0.84242,             0.88537,             0.69438,              0.0302,           0.0038446,                   0,             0.00802,             0.00802,             0.00802
                  62,            0.024029,            0.010694,                   0,             0.80964,             0.78652,             0.85391,             0.64927,            0.024424,           0.0040516,                   0,            0.007987,            0.007987,            0.007987
                  63,            0.024519,            0.010824,                   0,             0.73498,             0.77247,             0.78092,             0.59781,            0.030058,           0.0042869,                   0,            0.007954,            0.007954,            0.007954
                  64,            0.024659,            0.010622,                   0,             0.78833,             0.75324,             0.80907,             0.62618,            0.031949,           0.0042998,                   0,            0.007921,            0.007921,            0.007921
                  65,            0.024586,            0.010702,                   0,             0.82499,             0.82099,               0.868,             0.67244,            0.023748,           0.0041517,                   0,            0.007888,            0.007888,            0.007888
                  66,            0.024152,            0.010588,                   0,             0.82264,             0.81461,             0.88315,             0.68908,               0.023,           0.0036918,                   0,            0.007855,            0.007855,            0.007855
                  67,            0.024227,            0.010882,                   0,             0.80573,             0.83427,             0.89057,             0.68695,            0.026447,           0.0038728,                   0,            0.007822,            0.007822,            0.007822
                  68,            0.024404,             0.01085,                   0,             0.75631,              0.8118,             0.83369,             0.63059,            0.025937,           0.0042386,                   0,            0.007789,            0.007789,            0.007789
                  69,            0.024026,             0.01071,                   0,             0.80191,             0.86517,             0.89898,             0.70186,            0.025849,           0.0037408,                   0,            0.007756,            0.007756,            0.007756
                  70,            0.023628,             0.01036,                   0,             0.74561,             0.82584,             0.83622,             0.64609,            0.025624,           0.0040789,                   0,            0.007723,            0.007723,            0.007723
                  71,            0.023842,            0.010639,                   0,             0.80178,             0.82022,             0.88246,             0.68865,              0.0293,           0.0038531,                   0,             0.00769,             0.00769,             0.00769
                  72,            0.022672,            0.010115,                   0,             0.83875,             0.79213,             0.87047,             0.69218,            0.026164,           0.0037727,                   0,            0.007657,            0.007657,            0.007657
                  73,             0.02375,            0.010801,                   0,             0.82134,             0.82022,             0.87864,             0.68024,            0.026423,           0.0040129,                   0,            0.007624,            0.007624,            0.007624
                  74,            0.023088,            0.010167,                   0,             0.80442,             0.82029,             0.88295,             0.69318,            0.029107,            0.004111,                   0,            0.007591,            0.007591,            0.007591
                  75,            0.023669,            0.010386,                   0,             0.77679,             0.83427,             0.87362,             0.69854,            0.024213,            0.004112,                   0,            0.007558,            0.007558,            0.007558
                  76,            0.022667,           0.0097241,                   0,             0.81833,             0.86041,             0.90359,             0.70889,             0.02366,           0.0035998,                   0,            0.007525,            0.007525,            0.007525
                  77,            0.023614,            0.010196,                   0,              0.7395,              0.8293,             0.85811,             0.66375,            0.028883,           0.0038563,                   0,            0.007492,            0.007492,            0.007492
                  78,            0.022714,           0.0099546,                   0,             0.83028,             0.83146,             0.89558,             0.69855,            0.027939,           0.0037166,                   0,            0.007459,            0.007459,            0.007459
                  79,            0.023135,            0.010431,                   0,             0.83618,             0.80899,             0.89361,             0.71075,            0.025099,           0.0038071,                   0,            0.007426,            0.007426,            0.007426
                  80,              0.0218,           0.0096759,                   0,             0.84353,             0.87079,             0.91178,             0.72549,            0.023753,           0.0035194,                   0,            0.007393,            0.007393,            0.007393
                  81,            0.021854,           0.0099027,                   0,             0.80427,             0.80798,             0.86033,              0.6903,            0.023663,           0.0037391,                   0,             0.00736,             0.00736,             0.00736
                  82,            0.023072,            0.010347,                   0,             0.81892,             0.81461,              0.8635,             0.68125,            0.027822,            0.003933,                   0,            0.007327,            0.007327,            0.007327
                  83,            0.022199,           0.0096532,                   0,             0.87324,             0.83211,             0.93241,             0.73846,            0.023385,           0.0034141,                   0,            0.007294,            0.007294,            0.007294
                  84,            0.022912,           0.0094644,                   0,             0.87041,             0.85112,             0.92152,             0.74353,            0.023716,           0.0035287,                   0,            0.007261,            0.007261,            0.007261
                  85,            0.022651,           0.0099211,                   0,             0.79069,             0.88764,             0.90627,             0.73656,            0.022312,           0.0036871,                   0,            0.007228,            0.007228,            0.007228
                  86,            0.021601,           0.0097564,                   0,             0.83117,             0.84831,             0.87376,             0.71149,            0.021728,            0.004011,                   0,            0.007195,            0.007195,            0.007195
                  87,            0.022333,           0.0099722,                   0,             0.79988,             0.86798,             0.87219,             0.71475,            0.020252,           0.0038289,                   0,            0.007162,            0.007162,            0.007162
                  88,            0.021582,           0.0095739,                   0,             0.85476,             0.83708,             0.89628,             0.71402,            0.023103,           0.0035807,                   0,            0.007129,            0.007129,            0.007129
                  89,            0.021829,           0.0098786,                   0,             0.88229,             0.84551,             0.93235,             0.75822,            0.022864,           0.0033533,                   0,            0.007096,            0.007096,            0.007096
                  90,            0.021551,           0.0095674,                   0,              0.8212,              0.7809,             0.84461,             0.67418,             0.02493,           0.0038402,                   0,            0.007063,            0.007063,            0.007063
                  91,            0.021674,           0.0093161,                   0,             0.79662,             0.74816,             0.82894,             0.66266,            0.025315,           0.0042034,                   0,             0.00703,             0.00703,             0.00703
                  92,             0.02213,           0.0098179,                   0,             0.80129,             0.83427,             0.88657,             0.70894,            0.024533,           0.0035044,                   0,            0.006997,            0.006997,            0.006997
                  93,            0.021425,           0.0092734,                   0,             0.85503,             0.77864,             0.87955,             0.70082,            0.020161,           0.0036921,                   0,            0.006964,            0.006964,            0.006964
                  94,            0.020983,           0.0091833,                   0,             0.87477,             0.82412,             0.91544,              0.7412,            0.021794,           0.0035472,                   0,            0.006931,            0.006931,            0.006931
                  95,            0.020534,           0.0093216,                   0,             0.82654,             0.82865,             0.89999,             0.71773,            0.024845,           0.0037605,                   0,            0.006898,            0.006898,            0.006898
                  96,            0.020613,           0.0093778,                   0,             0.86382,             0.85529,             0.90441,             0.71869,            0.024082,           0.0038266,                   0,            0.006865,            0.006865,            0.006865
                  97,            0.020571,           0.0089623,                   0,             0.87968,             0.88764,             0.93231,             0.76397,            0.020274,            0.003542,                   0,            0.006832,            0.006832,            0.006832
                  98,            0.020415,           0.0090904,                   0,             0.80445,             0.86664,             0.87907,             0.70541,            0.024237,            0.003525,                   0,            0.006799,            0.006799,            0.006799
                  99,            0.020413,           0.0094942,                   0,             0.83939,             0.86617,             0.90412,             0.72377,            0.022173,           0.0037115,                   0,            0.006766,            0.006766,            0.006766
                 100,            0.020812,           0.0089746,                   0,             0.84514,             0.85846,             0.91013,             0.73492,            0.022201,           0.0034629,                   0,            0.006733,            0.006733,            0.006733
                 101,              0.0207,           0.0088683,                   0,              0.8536,             0.85112,             0.91147,             0.73086,             0.02354,           0.0036062,                   0,              0.0067,              0.0067,              0.0067
                 102,            0.020714,           0.0089153,                   0,             0.85906,             0.87322,             0.90154,             0.75474,            0.019256,           0.0035511,                   0,            0.006667,            0.006667,            0.006667
                 103,            0.020413,           0.0090957,                   0,             0.89015,             0.86497,             0.92415,             0.75869,            0.021987,           0.0034564,                   0,            0.006634,            0.006634,            0.006634
                 104,            0.020381,           0.0087653,                   0,             0.87118,              0.8764,             0.91543,             0.75661,            0.024029,           0.0035608,                   0,            0.006601,            0.006601,            0.006601
                 105,            0.019853,            0.008754,                   0,             0.89685,             0.86517,             0.92645,             0.76308,             0.02223,           0.0033586,                   0,            0.006568,            0.006568,            0.006568
                 106,             0.01982,           0.0087308,                   0,             0.89844,             0.86976,             0.92859,             0.76429,            0.023421,           0.0031957,                   0,            0.006535,            0.006535,            0.006535
                 107,            0.019659,           0.0085947,                   0,             0.85706,             0.89263,              0.9238,             0.75954,            0.020188,           0.0032913,                   0,            0.006502,            0.006502,            0.006502
                 108,            0.020547,           0.0085187,                   0,             0.84846,             0.85955,             0.90593,             0.73644,            0.021082,           0.0033602,                   0,            0.006469,            0.006469,            0.006469
                 109,            0.019613,           0.0086213,                   0,             0.88233,             0.88461,              0.9349,             0.76286,            0.019904,           0.0032507,                   0,            0.006436,            0.006436,            0.006436
                 110,            0.020129,           0.0086421,                   0,             0.89415,             0.85421,             0.93048,             0.78056,            0.018455,           0.0032488,                   0,            0.006403,            0.006403,            0.006403
                 111,             0.01883,           0.0085928,                   0,             0.87493,             0.82303,             0.89877,             0.74857,            0.023718,            0.003403,                   0,             0.00637,             0.00637,             0.00637
                 112,            0.019515,           0.0086101,                   0,             0.88552,              0.8736,             0.93121,             0.76386,            0.021774,           0.0032302,                   0,            0.006337,            0.006337,            0.006337
                 113,             0.01858,           0.0082054,                   0,             0.86233,             0.89607,             0.94017,             0.78132,            0.018855,           0.0032392,                   0,            0.006304,            0.006304,            0.006304
                 114,            0.019113,           0.0084758,                   0,             0.85793,             0.85955,             0.90526,             0.74247,            0.020122,           0.0035509,                   0,            0.006271,            0.006271,            0.006271
                 115,            0.019023,           0.0084563,                   0,             0.86277,             0.82865,             0.91091,             0.75512,            0.020091,           0.0034462,                   0,            0.006238,            0.006238,            0.006238
                 116,             0.01886,           0.0080493,                   0,             0.83715,             0.88083,             0.91866,             0.76978,             0.02195,           0.0033731,                   0,            0.006205,            0.006205,            0.006205
                 117,            0.019002,           0.0080429,                   0,             0.86637,             0.87413,             0.93151,             0.77849,            0.020991,           0.0031622,                   0,            0.006172,            0.006172,            0.006172
                 118,            0.019121,           0.0083082,                   0,             0.88522,             0.85112,             0.92525,             0.76605,            0.021322,           0.0033004,                   0,            0.006139,            0.006139,            0.006139
                 119,             0.01879,           0.0081667,                   0,             0.91618,             0.89326,             0.95184,             0.78407,             0.01824,           0.0031336,                   0,            0.006106,            0.006106,            0.006106
                 120,            0.018656,           0.0081201,                   0,             0.88592,              0.8764,             0.92355,             0.76595,            0.017593,           0.0033007,                   0,            0.006073,            0.006073,            0.006073
                 121,            0.018757,           0.0082607,                   0,              0.8855,             0.86894,             0.92392,             0.77762,            0.018353,           0.0033736,                   0,             0.00604,             0.00604,             0.00604
                 122,              0.0188,           0.0082569,                   0,             0.92565,             0.83934,             0.93371,             0.77182,            0.018461,           0.0034051,                   0,            0.006007,            0.006007,            0.006007
                 123,            0.019182,           0.0082308,                   0,             0.89181,             0.87079,             0.92332,              0.7606,            0.019642,           0.0034369,                   0,            0.005974,            0.005974,            0.005974
                 124,            0.018531,           0.0081742,                   0,             0.90268,             0.87921,             0.92716,             0.79002,            0.018589,           0.0032154,                   0,            0.005941,            0.005941,            0.005941
                 125,            0.018379,           0.0078419,                   0,             0.87332,             0.88483,             0.92223,             0.77264,            0.018573,           0.0033029,                   0,            0.005908,            0.005908,            0.005908
                 126,            0.018458,           0.0083349,                   0,              0.8763,             0.89607,             0.93266,             0.79093,            0.015558,            0.003347,                   0,            0.005875,            0.005875,            0.005875
                 127,            0.018748,           0.0078591,                   0,             0.90689,             0.84819,             0.93198,             0.78818,            0.020192,           0.0033178,                   0,            0.005842,            0.005842,            0.005842
                 128,            0.018155,           0.0081751,                   0,             0.91035,             0.83427,             0.90421,             0.74888,            0.025377,           0.0037534,                   0,            0.005809,            0.005809,            0.005809
                 129,            0.018216,             0.00793,                   0,             0.89435,             0.87921,             0.92055,             0.76747,            0.019591,           0.0036718,                   0,            0.005776,            0.005776,            0.005776
                 130,            0.018008,           0.0076804,                   0,             0.90378,             0.87067,             0.93473,             0.76489,            0.021171,           0.0032952,                   0,            0.005743,            0.005743,            0.005743
                 131,             0.01777,           0.0078582,                   0,              0.9101,              0.8764,             0.94576,             0.79453,            0.020032,           0.0032743,                   0,             0.00571,             0.00571,             0.00571
                 132,            0.017584,           0.0078985,                   0,             0.89099,             0.89541,              0.9434,             0.79637,            0.020623,           0.0031485,                   0,            0.005677,            0.005677,            0.005677
                 133,            0.018435,           0.0078045,                   0,             0.90493,             0.88231,             0.93994,             0.80289,            0.022251,           0.0030917,                   0,            0.005644,            0.005644,            0.005644
                 134,            0.017235,           0.0074641,                   0,             0.85782,             0.89045,             0.94314,             0.80935,            0.018967,           0.0030991,                   0,            0.005611,            0.005611,            0.005611
                 135,            0.017484,           0.0074009,                   0,             0.85621,              0.9073,             0.94189,             0.80623,            0.018994,           0.0030437,                   0,            0.005578,            0.005578,            0.005578
                 136,            0.018271,           0.0078491,                   0,             0.93259,             0.89607,             0.95207,             0.79868,            0.019467,           0.0029605,                   0,            0.005545,            0.005545,            0.005545
                 137,             0.01789,           0.0075204,                   0,             0.94414,             0.85457,             0.95259,             0.79627,            0.018486,           0.0030681,                   0,            0.005512,            0.005512,            0.005512
                 138,            0.017823,           0.0076411,                   0,             0.90438,             0.87671,              0.9353,             0.78812,            0.020289,           0.0031214,                   0,            0.005479,            0.005479,            0.005479
                 139,            0.017478,           0.0072061,                   0,             0.90582,             0.89152,             0.95587,             0.80813,            0.022178,           0.0029518,                   0,            0.005446,            0.005446,            0.005446
                 140,            0.017445,            0.007384,                   0,             0.93533,             0.89372,             0.96555,               0.821,            0.020607,           0.0028487,                   0,            0.005413,            0.005413,            0.005413
                 141,             0.01745,           0.0075457,                   0,             0.86622,             0.90938,             0.92206,             0.77858,            0.018059,             0.00304,                   0,             0.00538,             0.00538,             0.00538
                 142,            0.017292,           0.0077629,                   0,             0.90029,             0.88773,             0.93906,             0.80723,            0.017585,           0.0029767,                   0,            0.005347,            0.005347,            0.005347
                 143,            0.016554,            0.007455,                   0,             0.87374,             0.91365,             0.95533,             0.82541,            0.017781,           0.0027853,                   0,            0.005314,            0.005314,            0.005314
                 144,            0.017248,           0.0075905,                   0,             0.87182,             0.85973,             0.91746,              0.7926,            0.018274,           0.0033272,                   0,            0.005281,            0.005281,            0.005281
                 145,            0.017014,           0.0074664,                   0,             0.91601,             0.86798,             0.93276,             0.80626,            0.018576,           0.0030585,                   0,            0.005248,            0.005248,            0.005248
                 146,              0.0171,           0.0074867,                   0,             0.89878,             0.87296,             0.92621,             0.79339,            0.019736,           0.0032522,                   0,            0.005215,            0.005215,            0.005215
                 147,            0.017062,           0.0072077,                   0,             0.88514,             0.82584,             0.89217,             0.74382,            0.023214,           0.0033599,                   0,            0.005182,            0.005182,            0.005182
                 148,             0.01661,           0.0073557,                   0,             0.88859,             0.82894,              0.8975,             0.75718,            0.021978,           0.0031928,                   0,            0.005149,            0.005149,            0.005149
                 149,            0.017232,           0.0072127,                   0,             0.88037,             0.85955,             0.89869,             0.76435,            0.019134,           0.0033689,                   0,            0.005116,            0.005116,            0.005116
                 150,            0.016703,           0.0074742,                   0,             0.89534,             0.86517,             0.92107,             0.79425,             0.01816,           0.0032335,                   0,            0.005083,            0.005083,            0.005083
                 151,            0.017546,           0.0074586,                   0,             0.89244,             0.90895,             0.92584,             0.80171,            0.017676,           0.0029117,                   0,             0.00505,             0.00505,             0.00505
                 152,            0.016541,           0.0071862,                   0,             0.89532,             0.88889,             0.91991,             0.78713,            0.018318,            0.003035,                   0,            0.005017,            0.005017,            0.005017
                 153,            0.016673,           0.0071217,                   0,             0.92137,              0.8736,             0.92914,             0.78556,            0.019542,           0.0033366,                   0,            0.004984,            0.004984,            0.004984
                 154,            0.016445,            0.007236,                   0,             0.89128,              0.8736,             0.92965,             0.79489,            0.018226,           0.0032067,                   0,            0.004951,            0.004951,            0.004951
                 155,             0.01626,           0.0070762,                   0,             0.89427,             0.89888,             0.93931,             0.80411,            0.015761,            0.002934,                   0,            0.004918,            0.004918,            0.004918
                 156,            0.016223,           0.0071747,                   0,             0.85751,              0.9073,             0.93252,             0.80504,            0.016319,           0.0030289,                   0,            0.004885,            0.004885,            0.004885
                 157,            0.016163,            0.007173,                   0,             0.89771,             0.89326,             0.94858,             0.82213,            0.016384,           0.0030131,                   0,            0.004852,            0.004852,            0.004852
                 158,            0.016214,           0.0071139,                   0,             0.86652,             0.89045,             0.93593,             0.81145,            0.015993,           0.0031947,                   0,            0.004819,            0.004819,            0.004819
                 159,            0.016206,             0.00715,                   0,             0.92032,             0.87605,             0.91211,             0.79749,            0.016385,           0.0032212,                   0,            0.004786,            0.004786,            0.004786
                 160,            0.015927,           0.0068695,                   0,             0.89732,              0.8837,             0.92352,             0.79917,            0.016655,           0.0031504,                   0,            0.004753,            0.004753,            0.004753
                 161,            0.016103,            0.007023,                   0,             0.90488,             0.85508,             0.93099,             0.80339,            0.017315,           0.0030772,                   0,             0.00472,             0.00472,             0.00472
                 162,            0.016617,            0.006982,                   0,             0.86628,             0.87346,             0.91941,             0.79963,            0.014699,           0.0031766,                   0,            0.004687,            0.004687,            0.004687
                 163,            0.016645,           0.0071477,                   0,              0.8873,             0.90677,             0.93062,             0.80927,            0.015318,           0.0030809,                   0,            0.004654,            0.004654,            0.004654
                 164,             0.01608,           0.0069119,                   0,             0.91193,              0.8726,             0.93001,              0.7996,            0.018322,           0.0030835,                   0,            0.004621,            0.004621,            0.004621
                 165,            0.015485,           0.0064879,                   0,             0.90818,             0.89607,              0.9371,             0.81845,            0.015817,           0.0029394,                   0,            0.004588,            0.004588,            0.004588
                 166,            0.015038,           0.0068404,                   0,             0.90456,             0.89888,              0.9291,             0.80291,            0.015102,           0.0029417,                   0,            0.004555,            0.004555,            0.004555
                 167,            0.015979,           0.0067521,                   0,             0.92471,             0.89702,             0.95338,             0.83166,            0.012995,           0.0027835,                   0,            0.004522,            0.004522,            0.004522
                 168,            0.015625,           0.0068852,                   0,             0.90041,             0.91431,             0.95181,             0.83008,            0.015121,           0.0027939,                   0,            0.004489,            0.004489,            0.004489
                 169,             0.01545,           0.0064806,                   0,              0.9267,             0.90169,             0.94935,              0.8313,            0.015357,            0.003054,                   0,            0.004456,            0.004456,            0.004456
                 170,            0.015314,           0.0064943,                   0,             0.91647,             0.89326,             0.94478,             0.83921,            0.013352,           0.0030072,                   0,            0.004423,            0.004423,            0.004423
                 171,            0.014704,            0.006632,                   0,             0.91158,              0.8764,             0.94378,             0.82949,            0.015004,           0.0029784,                   0,             0.00439,             0.00439,             0.00439
                 172,            0.015522,            0.006577,                   0,             0.93975,             0.90169,             0.96411,             0.84426,            0.016012,           0.0027472,                   0,            0.004357,            0.004357,            0.004357
                 173,            0.015846,           0.0065604,                   0,             0.90996,             0.90843,             0.95212,             0.82334,            0.018973,           0.0029583,                   0,            0.004324,            0.004324,            0.004324
                 174,            0.015096,           0.0067063,                   0,             0.90307,             0.88977,             0.93318,             0.80386,            0.013609,           0.0030707,                   0,            0.004291,            0.004291,            0.004291
                 175,            0.015596,           0.0067658,                   0,             0.90856,             0.89607,             0.95219,             0.83832,             0.01359,           0.0029926,                   0,            0.004258,            0.004258,            0.004258
                 176,            0.015155,           0.0067572,                   0,             0.94568,             0.90449,             0.95332,             0.84032,            0.016748,           0.0030085,                   0,            0.004225,            0.004225,            0.004225
                 177,            0.014689,           0.0066501,                   0,              0.9451,             0.86798,             0.95062,             0.82994,            0.013886,           0.0029411,                   0,            0.004192,            0.004192,            0.004192
                 178,            0.015363,           0.0065546,                   0,             0.86354,             0.89888,             0.93771,             0.82429,            0.018852,           0.0030497,                   0,            0.004159,            0.004159,            0.004159
                 179,            0.015064,           0.0064358,                   0,             0.90896,             0.89607,             0.94644,             0.82631,             0.01707,            0.002983,                   0,            0.004126,            0.004126,            0.004126
                 180,            0.015153,           0.0064645,                   0,              0.9054,             0.93258,             0.96002,             0.83403,            0.017657,           0.0028277,                   0,            0.004093,            0.004093,            0.004093
                 181,            0.014387,           0.0064221,                   0,             0.92373,             0.88457,              0.9509,             0.83203,            0.016894,           0.0028445,                   0,             0.00406,             0.00406,             0.00406
                 182,            0.014391,           0.0065203,                   0,             0.94826,             0.87079,             0.95948,             0.83255,            0.015091,           0.0027947,                   0,            0.004027,            0.004027,            0.004027
                 183,            0.014103,           0.0062868,                   0,             0.90473,             0.88032,             0.95273,             0.83318,            0.015932,           0.0029253,                   0,            0.003994,            0.003994,            0.003994
                 184,            0.014114,           0.0064258,                   0,              0.9031,             0.89045,              0.9432,             0.81545,            0.021255,           0.0029918,                   0,            0.003961,            0.003961,            0.003961
                 185,            0.015048,           0.0065436,                   0,             0.90128,             0.87921,             0.91852,             0.79083,            0.021106,           0.0031328,                   0,            0.003928,            0.003928,            0.003928
                 186,            0.014716,           0.0063689,                   0,             0.89926,             0.87079,             0.94693,             0.83121,            0.017755,           0.0029347,                   0,            0.003895,            0.003895,            0.003895
                 187,            0.014814,           0.0066433,                   0,             0.93096,             0.91292,             0.95655,             0.83419,            0.014926,           0.0027079,                   0,            0.003862,            0.003862,            0.003862
                 188,            0.014271,           0.0062229,                   0,             0.93376,             0.91068,             0.95356,             0.85411,            0.015233,           0.0025974,                   0,            0.003829,            0.003829,            0.003829
                 189,            0.014741,           0.0062188,                   0,             0.92485,             0.90449,             0.94938,             0.84801,            0.013947,           0.0027533,                   0,            0.003796,            0.003796,            0.003796
                 190,            0.014259,           0.0064154,                   0,             0.92492,             0.86236,             0.94869,             0.83325,             0.01651,           0.0028953,                   0,            0.003763,            0.003763,            0.003763
                 191,            0.013721,           0.0060653,                   0,             0.91053,             0.89326,             0.95044,             0.83838,            0.016876,           0.0028939,                   0,             0.00373,             0.00373,             0.00373
                 192,            0.013911,           0.0060729,                   0,             0.91995,             0.90384,             0.93578,             0.81648,            0.019112,           0.0030079,                   0,            0.003697,            0.003697,            0.003697
                 193,             0.01361,           0.0063287,                   0,             0.92502,             0.93565,             0.97055,             0.86282,            0.013874,           0.0025278,                   0,            0.003664,            0.003664,            0.003664
                 194,            0.014147,           0.0062668,                   0,             0.94182,             0.90449,             0.96826,             0.86164,            0.014222,           0.0025974,                   0,            0.003631,            0.003631,            0.003631
                 195,            0.014078,           0.0063116,                   0,             0.91918,             0.92646,             0.97034,             0.85475,            0.014706,           0.0025207,                   0,            0.003598,            0.003598,            0.003598
                 196,            0.013683,           0.0059025,                   0,             0.92035,             0.91011,             0.96453,             0.85481,            0.014836,            0.002624,                   0,            0.003565,            0.003565,            0.003565
                 197,            0.013767,           0.0060048,                   0,             0.92038,             0.91292,             0.95563,             0.85182,            0.015627,           0.0027949,                   0,            0.003532,            0.003532,            0.003532
                 198,            0.013395,           0.0058992,                   0,             0.92709,             0.92866,             0.96504,             0.86306,            0.016611,           0.0025421,                   0,            0.003499,            0.003499,            0.003499
                 199,            0.013856,            0.006094,                   0,             0.97198,              0.8769,             0.96486,             0.85281,            0.014934,           0.0026647,                   0,            0.003466,            0.003466,            0.003466
                 200,            0.014358,           0.0061207,                   0,             0.94822,             0.89045,             0.95022,               0.847,            0.013718,           0.0027343,                   0,            0.003433,            0.003433,            0.003433
                 201,            0.013992,           0.0060133,                   0,             0.95206,             0.89607,              0.9502,             0.84658,            0.015798,           0.0028094,                   0,              0.0034,              0.0034,              0.0034
                 202,            0.013251,            0.005954,                   0,             0.91746,             0.90543,             0.95772,             0.85691,            0.016167,           0.0026884,                   0,            0.003367,            0.003367,            0.003367
                 203,            0.014252,           0.0059938,                   0,             0.90148,              0.9073,             0.94038,             0.84259,            0.016238,           0.0028821,                   0,            0.003334,            0.003334,            0.003334
                 204,            0.013482,           0.0060527,                   0,              0.9259,             0.92135,             0.95265,             0.85597,            0.014794,           0.0026083,                   0,            0.003301,            0.003301,            0.003301
                 205,             0.01353,           0.0058291,                   0,             0.93513,             0.91573,             0.95311,             0.85691,            0.016279,           0.0025035,                   0,            0.003268,            0.003268,            0.003268
                 206,             0.01327,            0.005726,                   0,             0.95526,             0.93258,             0.97183,             0.86923,            0.015085,           0.0023862,                   0,            0.003235,            0.003235,            0.003235
                 207,              0.0139,           0.0058755,                   0,             0.93352,             0.92135,             0.95933,             0.86897,            0.013284,           0.0025974,                   0,            0.003202,            0.003202,            0.003202
                 208,            0.013637,           0.0058175,                   0,             0.91268,             0.91573,             0.95829,             0.86879,            0.013114,           0.0026072,                   0,            0.003169,            0.003169,            0.003169
                 209,            0.013409,           0.0058346,                   0,             0.92837,             0.91854,             0.96316,             0.85923,            0.014746,           0.0024889,                   0,            0.003136,            0.003136,            0.003136
                 210,            0.013422,           0.0061036,                   0,             0.90913,             0.92978,             0.96303,             0.86515,            0.014058,           0.0025493,                   0,            0.003103,            0.003103,            0.003103
                 211,            0.012833,            0.005718,                   0,             0.92386,             0.91573,             0.96465,             0.85553,            0.012495,           0.0025332,                   0,             0.00307,             0.00307,             0.00307
                 212,            0.013054,           0.0056461,                   0,             0.91033,             0.88401,             0.94392,             0.85269,            0.014418,           0.0026899,                   0,            0.003037,            0.003037,            0.003037
                 213,            0.013454,            0.005794,                   0,             0.90882,             0.89597,              0.9492,             0.85143,            0.015859,           0.0026755,                   0,            0.003004,            0.003004,            0.003004
                 214,             0.01286,            0.005724,                   0,             0.89515,             0.93539,             0.95662,             0.85848,            0.014722,           0.0025452,                   0,            0.002971,            0.002971,            0.002971
                 215,             0.01294,           0.0055491,                   0,             0.92299,             0.91011,             0.95318,             0.85128,             0.01428,           0.0025464,                   0,            0.002938,            0.002938,            0.002938
                 216,            0.012555,           0.0056059,                   0,             0.89623,             0.92189,             0.95123,             0.87008,            0.012943,           0.0025526,                   0,            0.002905,            0.002905,            0.002905
                 217,            0.012424,           0.0056114,                   0,             0.91941,             0.92933,             0.95772,              0.8643,            0.012205,            0.002627,                   0,            0.002872,            0.002872,            0.002872
                 218,            0.012947,           0.0057111,                   0,             0.92056,             0.91143,             0.95102,             0.86592,            0.011931,           0.0027451,                   0,            0.002839,            0.002839,            0.002839
                 219,            0.012877,           0.0054355,                   0,             0.92731,             0.92135,             0.95595,             0.86666,            0.013713,           0.0026878,                   0,            0.002806,            0.002806,            0.002806
                 220,             0.01238,           0.0056512,                   0,             0.87758,             0.92416,             0.95046,             0.85967,            0.015723,           0.0027484,                   0,            0.002773,            0.002773,            0.002773
                 221,            0.012425,           0.0054058,                   0,             0.90907,             0.90449,             0.94317,             0.85276,            0.015252,           0.0027609,                   0,             0.00274,             0.00274,             0.00274
                 222,            0.012622,           0.0056998,                   0,             0.90776,             0.91223,             0.94777,             0.85904,            0.013842,           0.0025735,                   0,            0.002707,            0.002707,            0.002707
                 223,            0.011834,            0.005598,                   0,             0.93398,             0.92135,             0.95887,             0.87096,            0.013315,           0.0024572,                   0,            0.002674,            0.002674,            0.002674
                 224,            0.012371,           0.0054458,                   0,             0.86828,             0.94944,              0.9614,             0.86185,            0.013898,           0.0025138,                   0,            0.002641,            0.002641,            0.002641
                 225,            0.012432,           0.0056579,                   0,             0.91128,             0.92331,              0.9557,             0.87151,            0.013483,            0.002426,                   0,            0.002608,            0.002608,            0.002608
                 226,            0.012143,            0.005445,                   0,             0.92793,             0.90449,             0.95344,             0.87075,            0.012191,           0.0023946,                   0,            0.002575,            0.002575,            0.002575
                 227,            0.012177,           0.0054823,                   0,              0.9158,             0.92978,             0.95593,             0.86144,            0.012994,           0.0024545,                   0,            0.002542,            0.002542,            0.002542
                 228,            0.011891,           0.0055326,                   0,             0.92843,             0.92978,             0.96876,             0.88348,            0.011917,           0.0023682,                   0,            0.002509,            0.002509,            0.002509
                 229,            0.012278,           0.0051641,                   0,             0.94015,              0.9266,             0.96282,              0.8841,            0.012119,           0.0024427,                   0,            0.002476,            0.002476,            0.002476
                 230,            0.012261,           0.0054331,                   0,             0.95018,             0.92416,             0.95974,              0.8772,            0.014543,           0.0025667,                   0,            0.002443,            0.002443,            0.002443
                 231,            0.012394,            0.005398,                   0,             0.94828,             0.92416,             0.95775,             0.87552,            0.012631,           0.0025485,                   0,             0.00241,             0.00241,             0.00241
                 232,            0.011857,           0.0052686,                   0,             0.92456,             0.94101,             0.95643,             0.87385,            0.013809,           0.0024965,                   0,            0.002377,            0.002377,            0.002377
                 233,            0.012517,           0.0053875,                   0,             0.91707,             0.93193,             0.96017,             0.88511,            0.013734,           0.0024314,                   0,            0.002344,            0.002344,            0.002344
                 234,            0.011717,           0.0052615,                   0,             0.93036,             0.92135,             0.96503,               0.887,            0.012526,           0.0023735,                   0,            0.002311,            0.002311,            0.002311
                 235,            0.012209,           0.0053041,                   0,               0.948,             0.92185,             0.97146,             0.88977,            0.012127,           0.0023436,                   0,            0.002278,            0.002278,            0.002278
                 236,            0.012074,           0.0053123,                   0,              0.9431,             0.93124,             0.96978,             0.88849,            0.011622,           0.0024859,                   0,            0.002245,            0.002245,            0.002245
                 237,            0.011111,           0.0050147,                   0,             0.93656,             0.91232,             0.96448,             0.88527,            0.011741,           0.0024834,                   0,            0.002212,            0.002212,            0.002212
                 238,            0.011468,           0.0050962,                   0,             0.91595,             0.92697,             0.96227,             0.88833,            0.011265,           0.0024383,                   0,            0.002179,            0.002179,            0.002179
                 239,            0.011608,            0.005232,                   0,             0.90463,             0.92416,              0.9565,             0.88612,            0.011351,           0.0025196,                   0,            0.002146,            0.002146,            0.002146
                 240,            0.011835,           0.0051688,                   0,             0.95605,              0.8736,             0.96183,             0.88082,            0.012259,           0.0025073,                   0,            0.002113,            0.002113,            0.002113
                 241,            0.011756,            0.005183,                   0,              0.9538,             0.90169,             0.97021,             0.89275,            0.011283,           0.0024013,                   0,             0.00208,             0.00208,             0.00208
                 242,            0.011244,           0.0052664,                   0,              0.9439,             0.91573,              0.9669,             0.87996,            0.011968,           0.0024504,                   0,            0.002047,            0.002047,            0.002047
                 243,            0.011049,            0.005075,                   0,             0.94058,             0.90449,             0.96532,             0.89588,            0.012676,           0.0024537,                   0,            0.002014,            0.002014,            0.002014
                 244,            0.011503,            0.005054,                   0,             0.93152,             0.91011,             0.96342,             0.89089,            0.013209,           0.0024834,                   0,            0.001981,            0.001981,            0.001981
                 245,            0.011608,           0.0051964,                   0,             0.91788,             0.91049,             0.95999,             0.87846,            0.013125,            0.002493,                   0,            0.001948,            0.001948,            0.001948
                 246,            0.011176,           0.0050556,                   0,             0.93419,              0.9171,             0.96745,             0.89554,            0.011169,           0.0022746,                   0,            0.001915,            0.001915,            0.001915
                 247,            0.011528,           0.0050981,                   0,             0.94164,             0.91292,             0.96734,             0.89451,            0.011148,           0.0023214,                   0,            0.001882,            0.001882,            0.001882
                 248,            0.011307,           0.0047757,                   0,             0.94779,             0.92416,             0.96667,             0.88657,             0.01149,           0.0023381,                   0,            0.001849,            0.001849,            0.001849
                 249,            0.011201,           0.0051271,                   0,             0.93535,             0.92978,             0.96839,             0.89171,            0.012086,           0.0023159,                   0,            0.001816,            0.001816,            0.001816
                 250,            0.010811,           0.0050022,                   0,             0.92076,             0.92416,             0.96093,             0.88233,             0.01276,           0.0024051,                   0,            0.001783,            0.001783,            0.001783
                 251,            0.010818,           0.0047379,                   0,             0.94099,             0.92135,             0.97449,             0.89839,            0.012393,           0.0023054,                   0,             0.00175,             0.00175,             0.00175
                 252,             0.01097,           0.0047666,                   0,             0.94111,             0.92416,             0.97035,             0.89558,            0.012115,           0.0024015,                   0,            0.001717,            0.001717,            0.001717
                 253,            0.010579,           0.0049554,                   0,              0.9452,             0.92697,             0.97337,             0.89721,            0.011631,            0.002306,                   0,            0.001684,            0.001684,            0.001684
                 254,            0.010678,           0.0049439,                   0,             0.93755,             0.93539,             0.97172,              0.9007,            0.012723,           0.0023137,                   0,            0.001651,            0.001651,            0.001651
                 255,            0.011008,           0.0049464,                   0,             0.95627,             0.92134,             0.96989,              0.9036,            0.011866,           0.0023444,                   0,            0.001618,            0.001618,            0.001618
                 256,             0.01056,           0.0047907,                   0,             0.95614,             0.92135,             0.96898,             0.90031,             0.01087,           0.0023664,                   0,            0.001585,            0.001585,            0.001585
                 257,            0.010687,           0.0046783,                   0,             0.90775,             0.93973,             0.96548,             0.90112,            0.010924,           0.0024857,                   0,            0.001552,            0.001552,            0.001552
                 258,            0.010728,            0.004846,                   0,             0.91245,             0.92697,             0.95316,             0.88607,            0.011103,           0.0025813,                   0,            0.001519,            0.001519,            0.001519
                 259,            0.010747,           0.0049266,                   0,             0.91972,             0.92978,             0.95891,             0.89389,             0.01078,            0.002405,                   0,            0.001486,            0.001486,            0.001486
                 260,            0.010361,           0.0046397,                   0,             0.94642,             0.93258,             0.95744,             0.89835,            0.010958,           0.0023949,                   0,            0.001453,            0.001453,            0.001453
                 261,            0.010522,           0.0046369,                   0,             0.95145,             0.94382,             0.95846,             0.89574,             0.01092,           0.0023423,                   0,             0.00142,             0.00142,             0.00142
                 262,            0.010261,           0.0047471,                   0,             0.96241,             0.93493,             0.96404,             0.90522,            0.011453,           0.0023233,                   0,            0.001387,            0.001387,            0.001387
                 263,            0.010155,           0.0045935,                   0,              0.9279,             0.93539,             0.96647,             0.90272,            0.011735,           0.0023629,                   0,            0.001354,            0.001354,            0.001354
                 264,             0.01057,           0.0044411,                   0,             0.90822,             0.94505,             0.96216,             0.89458,            0.011665,           0.0024048,                   0,            0.001321,            0.001321,            0.001321
                 265,            0.010251,           0.0046584,                   0,             0.93669,             0.92978,             0.96546,             0.89856,            0.011574,           0.0023919,                   0,            0.001288,            0.001288,            0.001288
                 266,            0.010211,           0.0047106,                   0,             0.93432,             0.92978,             0.97166,              0.9061,             0.01119,           0.0023754,                   0,            0.001255,            0.001255,            0.001255
                 267,            0.009873,           0.0046246,                   0,             0.91222,             0.93418,             0.96418,              0.8992,            0.010574,           0.0023921,                   0,            0.001222,            0.001222,            0.001222
                 268,            0.010513,           0.0049006,                   0,             0.90738,             0.93564,             0.96257,             0.89814,            0.010381,           0.0024288,                   0,            0.001189,            0.001189,            0.001189
                 269,            0.010049,           0.0046461,                   0,             0.93524,             0.91011,             0.96171,             0.90074,            0.010308,           0.0024033,                   0,            0.001156,            0.001156,            0.001156
                 270,            0.010443,           0.0047153,                   0,             0.92053,             0.92697,             0.96536,              0.9051,            0.010082,           0.0023612,                   0,            0.001123,            0.001123,            0.001123
                 271,           0.0099868,           0.0045792,                   0,             0.91271,             0.94382,             0.96843,             0.90753,           0.0099048,           0.0023165,                   0,             0.00109,             0.00109,             0.00109
                 272,            0.010123,           0.0044204,                   0,             0.91303,             0.94366,             0.96429,             0.91021,           0.0093454,           0.0023746,                   0,            0.001057,            0.001057,            0.001057
                 273,            0.010268,           0.0045959,                   0,             0.92151,             0.92346,             0.96253,             0.90568,            0.010147,           0.0023838,                   0,            0.001024,            0.001024,            0.001024
                 274,           0.0099229,           0.0044187,                   0,             0.93148,             0.91649,             0.96269,             0.89998,            0.011134,           0.0024554,                   0,            0.000991,            0.000991,            0.000991
                 275,           0.0099993,           0.0044168,                   0,             0.91918,             0.92642,             0.96214,             0.90086,            0.010772,           0.0024711,                   0,            0.000958,            0.000958,            0.000958
                 276,           0.0098901,           0.0044701,                   0,             0.92498,              0.9073,             0.95829,             0.89805,            0.010746,           0.0024624,                   0,            0.000925,            0.000925,            0.000925
                 277,            0.010009,           0.0044467,                   0,             0.93224,              0.9073,             0.95464,             0.89526,            0.010705,           0.0025258,                   0,            0.000892,            0.000892,            0.000892
                 278,            0.010025,           0.0044483,                   0,             0.92492,             0.89975,             0.95605,             0.89601,            0.010755,           0.0025486,                   0,            0.000859,            0.000859,            0.000859
                 279,           0.0095947,           0.0044131,                   0,             0.94013,             0.88217,             0.95847,             0.89393,             0.01035,           0.0025728,                   0,            0.000826,            0.000826,            0.000826
                 280,           0.0098779,           0.0044752,                   0,              0.9203,             0.89888,             0.95957,             0.90192,            0.010286,           0.0024995,                   0,            0.000793,            0.000793,            0.000793
                 281,           0.0095708,           0.0043316,                   0,             0.90128,             0.92328,             0.95849,             0.90215,            0.010369,            0.002454,                   0,             0.00076,             0.00076,             0.00076
                 282,           0.0094518,           0.0043974,                   0,             0.91914,             0.91854,               0.958,             0.89761,            0.011138,           0.0024583,                   0,            0.000727,            0.000727,            0.000727
                 283,           0.0093325,           0.0044369,                   0,             0.90894,             0.92524,              0.9604,              0.9006,               0.011,           0.0024332,                   0,            0.000694,            0.000694,            0.000694
                 284,           0.0098641,           0.0043969,                   0,             0.91591,             0.91788,             0.95766,             0.89905,            0.011097,           0.0024648,                   0,            0.000661,            0.000661,            0.000661
                 285,           0.0096396,           0.0043226,                   0,             0.91202,             0.92135,             0.95729,             0.89788,             0.01161,           0.0024765,                   0,            0.000628,            0.000628,            0.000628
                 286,           0.0091733,           0.0042148,                   0,             0.91352,             0.91854,             0.95934,             0.90095,            0.012201,            0.002482,                   0,            0.000595,            0.000595,            0.000595
                 287,           0.0093757,           0.0042718,                   0,             0.91913,             0.93539,             0.96537,             0.90738,            0.012001,           0.0023882,                   0,            0.000562,            0.000562,            0.000562
                 288,           0.0093592,           0.0042226,                   0,              0.9242,             0.92468,             0.96601,             0.91246,            0.011725,           0.0023509,                   0,            0.000529,            0.000529,            0.000529
                 289,           0.0094936,           0.0043429,                   0,             0.92712,             0.92914,             0.96803,             0.91817,            0.010642,           0.0023326,                   0,            0.000496,            0.000496,            0.000496
                 290,           0.0093705,           0.0042971,                   0,             0.91611,              0.9382,             0.96816,             0.91389,            0.010248,           0.0023171,                   0,            0.000463,            0.000463,            0.000463
                 291,           0.0094303,           0.0041678,                   0,             0.91065,             0.94474,             0.96788,             0.91259,            0.010714,           0.0023351,                   0,             0.00043,             0.00043,             0.00043
                 292,           0.0096684,           0.0043471,                   0,             0.91898,             0.92396,              0.9641,             0.91243,            0.010756,           0.0023701,                   0,            0.000397,            0.000397,            0.000397
                 293,           0.0092815,           0.0042362,                   0,             0.90962,             0.93297,             0.96485,             0.90779,            0.011081,           0.0023963,                   0,            0.000364,            0.000364,            0.000364
                 294,           0.0092517,           0.0042977,                   0,             0.92391,             0.92135,             0.96313,             0.90973,            0.010798,           0.0023712,                   0,            0.000331,            0.000331,            0.000331
                 295,           0.0090989,           0.0040793,                   0,             0.95036,             0.89888,             0.96557,             0.90818,            0.010778,           0.0023568,                   0,            0.000298,            0.000298,            0.000298
                 296,           0.0086924,           0.0041465,                   0,             0.93496,             0.91573,             0.96562,             0.90574,            0.011137,           0.0023655,                   0,            0.000265,            0.000265,            0.000265
                 297,           0.0091863,           0.0043107,                   0,             0.90805,             0.94321,             0.96308,             0.90749,            0.011204,           0.0023759,                   0,            0.000232,            0.000232,            0.000232
                 298,           0.0090668,           0.0042376,                   0,              0.9084,              0.9382,             0.96502,             0.90776,            0.011478,           0.0023845,                   0,            0.000199,            0.000199,            0.000199
                 299,            0.008662,           0.0042894,                   0,             0.91238,             0.93602,             0.96572,             0.90985,            0.011307,           0.0023742,                   0,            0.000166,            0.000166,            0.000166
